{
  "id": "build_3npxfmddql9kx",
  "start_transform": {
    "basis": {
      "elements": [
        [
          1.0,
          0.0,
          0.0
        ],
        [
          0.0,
          1.0,
          0.0
        ],
        [
          0.0,
          0.0,
          1.0
        ]
      ]
    },
    "origin": [
      95.0,
      0.0,
      499.0
    ]
  },
  "start_color": "#D9EED8",
  "edits": {
    "build_3npxfmddql9kx": [
      [
        [
          -2.0,
          0.0,
          0.0
        ],
        [
          1,
          "#D9EED8"
        ]
      ],
      [
        [
          -4.0,
          0.0,
          0.0
        ],
        [
          1,
          "#D9EED8"
        ]
      ],
      [
        [
          -1.0,
          0.0,
          0.0
        ],
        [
          1,
          "#FC0E0B"
        ]
      ],
      [
        [
          -1.0,
          1.0,
          0.0
        ],
        [
          1,
          "#FC0E0B"
        ]
      ],
      [
        [
          -2.0,
          2.0,
          0.0
        ],
        [
          1,
          "#D9EED8"
        ]
      ],
      [
        [
          -3.0,
          0.0,
          0.0
        ],
        [
          1,
          "#FC0E0B"
        ]
      ],
      [
        [
          -3.0,
          1.0,
          0.0
        ],
        [
          1,
          "#FC0E0B"
        ]
      ],
      [
        [
          -2.0,
          1.0,
          0.0
        ],
        [
          1,
          "#D9EED8"
        ]
      ]
    ]
  }
}