{
  "id": "build_m64zp4mnhqib3",
  "start_transform": {
    "basis": {
      "elements": [
        [
          1.0,
          0.0,
          0.0
        ],
        [
          0.0,
          1.0,
          0.0
        ],
        [
          0.0,
          0.0,
          1.0
        ]
      ]
    },
    "origin": [
      -50.0,
      0.0,
      104.0
    ]
  },
  "start_color": "#FC0E0B",
  "edits": {
    "build_m64zp4mnhqib3": [
      [
        [
          -1.0,
          0.0,
          -1.0
        ],
        [
          1,
          "#14F707"
        ]
      ],
      [
        [
          1.0,
          0.0,
          -1.0
        ],
        [
          1,
          "#14F707"
        ]
      ],
      [
        [
          0.0,
          0.0,
          1.0
        ],
        [
          1,
          "#14F707"
        ]
      ],
      [
        [
          -1.0,
          0.0,
          0.0
        ],
        [
          1,
          "#14F707"
        ]
      ],
      [
        [
          -1.0,
          0.0,
          1.0
        ],
        [
          1,
          "#14F707"
        ]
      ],
      [
        [
          0.0,
          0.0,
          -1.0
        ],
        [
          1,
          "#14F707"
        ]
      ],
      [
        [
          1.0,
          0.0,
          0.0
        ],
        [
          1,
          "#14F707"
        ]
      ],
      [
        [
          1.0,
          0.0,
          1.0
        ],
        [
          1,
          "#14F707"
        ]
      ]
    ]
  }
}