{
  "id": "build_wevpat48mxjhe",
  "start_transform": {
    "basis": {
      "elements": [
        [
          1.0,
          0.0,
          0.0
        ],
        [
          0.0,
          1.0,
          0.0
        ],
        [
          0.0,
          0.0,
          1.0
        ]
      ]
    },
    "origin": [
      76.0,
      0.0,
      489.0
    ]
  },
  "start_color": "#3F302B",
  "edits": {
    "build_wevpat48mxjhe": [
      [
        [
          -1.0,
          0.0,
          -11.0
        ],
        [
          1,
          "#3F302B"
        ]
      ],
      [
        [
          -1.0,
          0.0,
          -9.0
        ],
        [
          0,
          "#3F302B"
        ]
      ],
      [
        [
          -2.0,
          0.0,
          -17.0
        ],
        [
          1,
          "#3F302B"
        ]
      ],
      [
        [
          -1.0,
          0.0,
          -10.0
        ],
        [
          0,
          "#3F302B"
        ]
      ],
      [
        [
          0.0,
          0.0,
          -2.0
        ],
        [
          1,
          "#3F302B"
        ]
      ],
      [
        [
          -2.0,
          0.0,
          -18.0
        ],
        [
          0,
          "#3F302B"
        ]
      ],
      [
        [
          -2.0,
          0.0,
          -16.0
        ],
        [
          1,
          "#3F302B"
        ]
      ],
      [
        [
          -3.0,
          0.0,
          -19.0
        ],
        [
          0,
          "#3F302B"
        ]
      ],
      [
        [
          0.0,
          0.0,
          -3.0
        ],
        [
          1,
          "#3F302B"
        ]
      ],
      [
        [
          0.0,
          0.0,
          -5.0
        ],
        [
          1,
          "#3F302B"
        ]
      ],
      [
        [
          0.0,
          0.0,
          -1.0
        ],
        [
          1,
          "#3F302B"
        ]
      ],
      [
        [
          -1.0,
          0.0,
          -8.0
        ],
        [
          1,
          "#3F302B"
        ]
      ],
      [
        [
          -2.0,
          0.0,
          -13.0
        ],
        [
          1,
          "#3F302B"
        ]
      ],
      [
        [
          -3.0,
          0.0,
          -20.0
        ],
        [
          0,
          "#3F302B"
        ]
      ],
      [
        [
          -4.0,
          0.0,
          -24.0
        ],
        [
          0,
          "#3F302B"
        ]
      ],
      [
        [
          -2.0,
          0.0,
          -14.0
        ],
        [
          1,
          "#3F302B"
        ]
      ],
      [
        [
          -4.0,
          0.0,
          -23.0
        ],
        [
          0,
          "#3F302B"
        ]
      ],
      [
        [
          -3.0,
          0.0,
          -22.0
        ],
        [
          0,
          "#3F302B"
        ]
      ],
      [
        [
          -4.0,
          0.0,
          -26.0
        ],
        [
          0,
          "#3F302B"
        ]
      ],
      [
        [
          -2.0,
          0.0,
          -15.0
        ],
        [
          1,
          "#3F302B"
        ]
      ],
      [
        [
          0.0,
          0.0,
          -7.0
        ],
        [
          1,
          "#3F302B"
        ]
      ]
    ]
  }
}