{
  "id": "build_mlsxf11t2oaz6",
  "start_transform": {
    "basis": {
      "elements": [
        [
          1.0,
          0.0,
          0.0
        ],
        [
          0.0,
          1.0,
          0.0
        ],
        [
          0.0,
          0.0,
          1.0
        ]
      ]
    },
    "origin": [
      121.0,
      0.0,
      -500.0
    ]
  },
  "start_color": "#3F302B",
  "edits": {
    "build_mlsxf11t2oaz6": [
      [
        [
          0.0,
          -3.0,
          1.0
        ],
        [
          1,
          "#3F302B"
        ]
      ],
      [
        [
          -1.0,
          0.0,
          1.0
        ],
        [
          1,
          "#3F302B"
        ]
      ],
      [
        [
          0.0,
          -3.0,
          2.0
        ],
        [
          1,
          "#3F302B"
        ]
      ],
      [
        [
          0.0,
          -1.0,
          2.0
        ],
        [
          1,
          "#3F302B"
        ]
      ],
      [
        [
          0.0,
          0.0,
          2.0
        ],
        [
          1,
          "#3F302B"
        ]
      ],
      [
        [
          1.0,
          0.0,
          1.0
        ],
        [
          1,
          "#3F302B"
        ]
      ],
      [
        [
          0.0,
          -2.0,
          2.0
        ],
        [
          1,
          "#3F302B"
        ]
      ]
    ]
  }
}